bs,  ,  ,  ,  ,  ,  ,  ,  ,  ,  ,  ,  ,  ,,,,,,,,,,,,,,,,,,,,,,,,,,,,,,,,,,,,,,,,,,,,,,,,,,,,,,,,,,,,,,,,,,,,,,,,,,,,,,,,,,,,,,,,,,,,,,,,,,,,,,,,,,,,,,,,,,,,,,,,,,,,,,,,end,,,,,,,,,,,,,,,,,,,,,,
bs,  ,  ,  ,  ,  ,  ,  ,  ,  ,  ,  ,  ,  ,  ,  ,  ,  ,  ,  ,  ,  ,  ,,,,,,,,,,,,,,,,,,,,,,,,,,,,,,,,,,,,,,,,,,,,,,,,,,,,,,,,,,,,,,,,,,,,,,,,,,,,,,,,,,,,,,,,,,,,,,,,,,,,,,,,,,,,,,,,,,,,,,,end,,,,,,,,,,,,,,,,,,,,,,
bs,  ,  ,  ,  ,  ,  ,  ,  ,  ,  ,  ,  ,  ,  ,  ,  ,  ,  ,  ,  ,  ,  ,bs,  ,  ,  ,  ,  ,bh(u)   ,  ,  ,  ,  ,  ,  ,  ,  ,  ,  ,  ,  ,end,,,,,,,,,,,,,,,,,,,,,,,,,,,,,,,,,,,,,,,,,,,,,,,,,,,,,,,,,,,,,,,,,,,,,,,,,,,,,,,,,,,,,,,,,,,,,,,,,,,,,,,,,,,,,,,,,,,,,,,,,
bs,  ,  ,  ,  ,  ,  ,  ,  ,  ,  ,  ,  ,  ,  ,  ,  ,  ,  ,  ,  ,  ,bs,bs,  ,  ,  ,  ,  ,        ,  ,     ,    ,  ,  ,     ,  ,  ,  ,  ,  ,  ,  ,  ,  ,  ,  ,  ,  ,  ,  ,  ,  ,  ,    ,  ,  ,  ,  ,  ,  ,  ,  ,  ,  ,  ,  ,  ,  ,  ,  ,  ,  ,  ,  ,  ,  ,  ,  ,  ,       ,  ,  ,  ,  ,  ,  ,  ,,  ,  ,  ,  ,  ,     ,  ,  ,  ,  ,  ,  ,  ,  ,  ,  ,  ,  ,  ,  ,  ,end,,,,,,,,,,,,,,,,,,,,,,,,,,,,,,,,,,,,,,,,,,,,,,,,,,,,,
bs,  ,  ,  ,  ,  ,  ,  ,  ,  ,  ,  ,  ,  ,  ,  ,  ,  ,  ,  ,  ,bs,bs,bs,  ,  ,  ,  ,  ,        ,  ,     ,    ,  ,  ,     ,  ,  ,  ,  ,  ,  ,  ,  ,  ,  ,  ,  ,  ,  ,  ,  ,  ,  ,    ,  ,  ,  ,  ,  ,  ,  ,  ,  ,  ,  ,  ,  ,  ,  ,  ,  ,  ,  ,  ,  ,  ,  ,  ,  ,       ,  ,  ,  ,  ,  ,  ,  ,,  ,  ,  ,  ,  ,     ,  ,  ,  ,  ,  ,  ,  ,  ,  ,  ,  ,  ,  ,  ,  ,  ,  ,  ,,,,,  ,  ,  ,  ,  ,  ,  ,  ,  ,  ,  ,  ,  ,  ,  ,  ,  ,  ,  ,  ,  ,  ,  ,  ,end,,,,,,,,,,,,,,,,,,,,,,
bs,  ,  ,  ,  ,  ,  ,  ,  ,  ,  ,  ,  ,  ,  ,  ,  ,  ,  ,  ,bs,bs,bs,bs,  ,  ,  ,  ,  ,        ,  ,     ,    ,  ,  ,     ,  ,  ,  ,  ,  ,  ,  ,  ,  ,  ,  ,  ,  ,  ,  ,  ,  ,  ,    ,  ,  ,  ,  ,  ,  ,  ,  ,  ,  ,  ,  ,  ,  ,  ,  ,  ,  ,  ,  ,  ,  ,  ,  ,  ,       ,  ,  ,  ,  ,  ,  ,  ,,  ,  ,  ,  ,  ,     ,  ,  ,  ,  ,  ,  ,  ,  ,  ,  ,  ,  ,ic,  ,  ,  ,  ,  ,,,,,  ,  ,  ,  ,  ,  ,  ,  ,  ,  ,  ,  ,  ,  ,  ,  ,  ,  ,  ,  ,end,,,,,,,,,,,,,,,,,,,,,,,,,,
bs,bs,bs,bs,bs,bs,bs,bs,bs,bs,bs,bs,bs,bs,bs,bs,bs,bs,bs,bs,bs,bs,bs,bs,  ,  ,  ,  ,  ,        ,  ,     ,    ,  ,  ,     ,  ,  ,  ,  ,  ,  ,  ,  ,  ,  ,  ,  ,  ,  ,  ,  ,  ,  ,    ,  ,  ,  ,  ,  ,  ,  ,  ,  ,  ,  ,  ,  ,  ,  ,  ,  ,  ,  ,  ,  ,  ,  ,  ,ic,eg     ,ic,  ,ic,  ,  ,  ,  ,,  ,  ,  ,  ,  ,     ,  ,,,,,,  ,  ,  ,  ,  ,  ,bs,  ,  ,  ,  ,  ,,,,,  ,  ,  ,  ,  ,  ,  ,  ,  ,  ,  ,,,,,,,,,,,,,,end,,,,,,,,,,,,,,,,,,,,,,
bs,bs,bs,bs,bs,bs,bs,bs,bs,bs,bs,bs,bs,bs,bs,bs,bs,bs,bs,bs,bs,bs,bs,  ,  ,  ,  ,  ,  ,bq(m)   ,bs,bs,bs  ,bs,bs,  bs ,  ,  ,  ,bs,bs,bs,  ,ic,  ,  ,  ,  ,  ,  ,  ,  ,  ,  ,    ,  ,  ,  ,  ,  ,  ,  ,  ,  ,  ,  ,  ,  ,  ,  ,  ,  ,  ,  ,  ,  ,  ,  ,bb,bb,bq(c),bb,bb,bb,bb,  ,  ,  ,,  ,  ,  ,  ,  ,     ,  ,,,,,,,  ,  ,  ,  ,  ,bs,  ,  ,  ,  ,  ,,,,,  ,  ,  ,  ,  ,  ,  ,  ,  ,  ,  ,,,,,,,,,,,,,,end,,,,,,,,,,,,,,,,,,,,,,
bs,bs,bs,bs,bb,bs,bs,bs,bb,bs,bs,bs,bs,bs,bs,bs,bs,bs,bs,bs,bs,bs,  ,  ,  ,  ,  ,  ,  ,        ,  ,     ,    ,  ,  ,     ,  ,  ,  ,  ,  ,  ,  ,  ,ic,  ,  ,  ,  ,  ,  ,  ,  ,  ,bpo1,  ,  ,  ,  ,  ,  ,  ,  ,  ,  ,  ,  ,  ,  ,  ,  ,  ,  ,  ,  ,  ,  ,  ,  ,  ,       ,  ,  ,  ,  ,  ,  ,  ,,,,,,,,,,,,,,  ,  ,  ,  ,ic,  ,bs,,,  ,  ,  ,,,,,,,,,  ,  ,  ,  ,  ,  ,  ,  ,  ,  ,  ,,,,,,,,,,end,,,,,,,,,,,,,,,,,,,,,,
bs,bs,bs,bb,bs,bb,bs,bb,bs,bb,bs,bs,bs,2,  ,  ,  ,  ,  ,  ,  ,  ,  ,  ,  ,  ,  ,  ,  ,        ,  ,     ,    ,  ,  ,     ,  ,  ,  ,  ,  ,  ,  ,  ,  ,ic,  ,  ,  ,  ,  ,  ,  ,  ,    ,  ,  ,  ,  ,  ,  ,  ,  ,  ,  ,  ,  ,  ,  ,  ,  ,  ,  ,  ,  ,  ,  ,  ,  ,  ,       ,  ,  ,  ,  ,  ,  ,  ,,,,,,,,,,,,,,  ,  ,,,bs,  ,bs,  ,ic,  ,  ,  ,,,,,,,,,  ,  ,  ,  ,,  ,  ,  ,  ,  ,  ,,,,,,,,,,end,,,,,,,,,,,,,,,,,,,,,,
bs,bs,bs,bb,bs,bs,bb,bs,bs,bb,bs,bs,bs,  ,  ,  ,  ,  ,  ,  ,  ,  ,  ,  ,  ,  ,  ,  ,  ,        ,  ,     ,    ,  ,  ,     ,  ,  ,  ,  ,  ,  ,  ,  ,  ,  ,  ,  ,  ,  ,  ,  ,  ,  ,    ,  ,  ,  ,  ,  ,  ,  ,  ,  ,  ,  ,  ,  ,  ,  ,  ,  ,  ,eg,  ,  ,  ,eg,  ,  ,       ,  ,  ,  ,  ,  ,  ,  ,,,,,,,,,,,,,,  ,  ,ic,,bs,,bs,,bs,  ,  ,  ,,,,,,,,,  ,  ,  ,  ,  ,  ,  ,  ,bs,bs,bs,,,,,,,,,,end,,,,,,,,,,,,,,,,,,,,,,
bs,bs,bb,bs,bs,bs,bs,bs,bs,bs,bb,bs,bs,  , l,  , m,  ,  ,  ,  ,  ,  ,  ,  ,  ,  ,  ,  ,        ,  ,     ,bpb1,  ,  ,     ,  ,  ,  ,  ,  ,  ,  ,  ,  ,  ,  ,  ,  ,  ,  ,  ,  ,  ,    ,  ,  ,  ,  ,  ,  ,  ,  ,  ,  ,  ,  ,  ,  ,  ,  ,  ,bb,bb,bb,bb,bb,bb,bb,bb,bb     ,  ,  ,  ,  ,  ,  ,  ,,,,,,,,,,,,,,ic,  ,bs,  ,bs,  ,bs,,bs,,,,,,,,,,,,,  ,  ,  ,  ,  ,  ,bs,bs,bs,bs,,,,,,  ,,,,end,,,,,,,,,,,,,,,,,,,,,,
bs,bs,bb,bs,bs,bs,bs,bs,bs,bs,bb,bs,bs,bs,bs,bs,bs,bs,bs,bs,bs,bs,  ,  ,  ,  ,  ,  ,  ,        ,  ,     ,    ,  ,  ,     ,  ,  ,  ,  ,  ,  ,  ,  ,  ,  ,  ,  ,  ,  ,  ,  ,bs,bs,  bs,bs,bs,  ,  ,  ,  ,  ,  ,  ,  ,  ,  ,  ,  ,  ,  ,  ,  ,  ,  ,  ,  ,  ,  ,  ,       ,  ,  ,  ,  ,  ,  ,  ,  ,  ,,,,,,,,,,,,bs,  ,bs,  ,bs,bs,bs,,bs,,,,,,,,,,,,,,,,,,bs,bs,bs,bs,bs,,,,,,,,,,,,,,,,,,,,,,,,,,,,,,,,end
bs,bs,bs,bs,bs,bs,bs,bs,bs,bs,bs,bs,bs,bs,bs,bs,bs,bs,bs,bs,bs,bs,bs,  ,  ,  ,  ,  ,  ,        ,  ,     ,    ,  ,  ,     ,  ,  ,  ,  ,  ,  ,  ,  ,  ,  ,  ,  ,  ,  ,  ,bs,bs,bs,  bs,bs,bs,bs,  ,  ,  ,  ,  ,  ,  ,  ,  ,  ,  ,  ,  ,  ,  ,  ,  ,  ,  ,  ,  ,  ,       ,  ,  ,  ,  ,  ,  ,  ,,  ,  ,  ,  ,  ,  ,  ,  ,  ,  ,  ,  ,bs,  ,bs,bs,bs,bs,bs,,bs,,,,,,,,,,,,,,,,,bs,bs,bs,bs,bs,bs,,,,,,fp,end,,,,,,,,,,,,,,,,,,,,,,,,,
bs,bs,bs,bs,bs,bs,bs,bs,bs,bs,bs,bs,bs,bs,bs,bs,bs,bs,bs,bs,bs,bs,bs,bs,  ,  ,  ,  ,  ,        ,  ,     ,    ,  ,  ,  bs ,  ,  ,  ,  ,  ,  ,  ,  ,  ,  ,  ,  ,  ,  ,bs,bs,bs,bs,  bs,bs,bs,bs,bs,  ,  ,  ,  ,  ,  ,  ,  ,  ,  ,  ,  ,  ,  ,  ,  ,  ,  ,  ,  ,  ,       ,  ,  ,  ,  ,  ,  ,  ,,  ,bs,  ,  ,  ,  ,  ,  ,ek,  ,  ,  ,bs,bs,bs,bs,bs,bs,bs,bs,bs,,,,,,,,,,,,,,,,bs,bs,bs,bs,bs,bs,bs,,,,,,bs,,,end,,,,,,,,,,,,,,,,,,,,,,,
bf,bf,bf,bf,bf,bf,bf,bf,bf,bf,bf,bf,bf,bf,bf,bf,bf,bf,bf,bf,bf,bf,bf,bf,bg,bg,bg,bg,bg,bg   ,bg,bg,bg,bg,bg,  bg ,  ,  ,  ,  ,  ,  ,  ,  ,  ,bf,bf,bf,bf,bf,bf,bf,bf,bf,  bf,bf,bf,bf,bf,bf,bf,bf,bf,bf,bf,bf,bf,bf,bf,bf,bf,bf,bf,bf,bf,  ,  ,  ,  ,  ,       ,  ,  ,  ,  ,  ,  ,  ,,  ,bf,bf,bf,bf,bf,bf,bf,bf,bf,bf,bf,bf,bf,bf,bf,bf,bf,bf,bf,bf,bf,bf,bf,bf,bf,,,,,,,,,,,bf,bf,bf,bf,bf,bf,bf,bf,bf,bf,bf,bf,bf,bf,bf,bf,bf,bf,bf,bf,bf,bf,bf,bf,bf,,,,,,,,,,,,,,
bf,bf,bf,bf,bf,bf,bf,bf,bf,bf,bf,bf,bf,bf,bf,bf,bf,bf,bf,bf,bf,bf,bf,bf,bf,bf,bf,bf,bf,bf   ,bf,bf,bf,bf,bf,  bf ,  ,  ,  ,  ,  ,  ,  ,  ,  ,bf,bf,bf,bf,bf,bf,bf,bf,bf,  bf,bf,bf,bf,bf,bf,bf,bf,bf,bf,bf,bf,bf,bf,bf,bf,bf,bf,bf,bf,bf,  ,  ,  ,  ,  ,       ,  ,  ,  ,  ,  ,  ,  ,,  ,bf,bf,bf,bf,bf,bf,bf,bf,bf,bf,bf,bf,bf,bf,bf,bf,bf,bf,bf,bf,bf,bf,bf,bf,bf,,,,,,,,,,,bf,bf,bf,bf,bf,bf,bf,bf,bf,bf,bf,bf,bf,bf,bf,bf,bf,bf,bf,bf,bf,bf,bf,bf,bf,,,,,,,,,,,,,,
bf,bf,bf,bf,bf,bf,bf,bf,bf,bf,bf,bf,bf,bf,bf,bf,bf,bf,bf,bf,bf,bf,bf,bf,bf,bf,bf,bf,bf,bf   ,bf,bf,bf,bf,bf,  bf ,  ,  ,  ,  ,  ,  ,  ,  ,  ,bf,bf,bf,bf,bf,bf,bf,bf,bf,  bf,bf,bf,bf,bf,bf,bf,bf,bf,bf,bf,bf,bf,bf,bf,bf,bf,bf,bf,bf,bf,  ,  ,  ,  ,  ,       ,  ,  ,  ,  ,  ,  ,  ,,  ,bf,bf,bf,bf,bf,bf,bf,bf,bf,bf,bf,bf,bf,bf,bf,bf,bf,bf,bf,bf,bf,bf,bf,bf,bf,,,,,,,,,,,bf,bf,bf,bf,bf,bf,bf,bf,bf,bf,bf,bf,bf,bf,bf,bf,bf,bf,bf,bf,bf,bf,bf,bf,bf,,,,,,,,,,,,,,
bf,bf,bf,bf,bf,bf,bf,bf,bf,bf,bf,bf,bf,bf,bf,bf,bf,bf,bf,bf,bf,bf,bf,bf,bf,bf,bf,bf,bf,bf   ,bf,bf,bf,bf,bf,  bf ,kz,kz,kz,kz,kz,kz,kz,kz,kz,bf,bf,bf,bf,bf,bf,bf,bf,bf,  bf,bf,bf,bf,bf,bf,bf,bf,bf,bf,bf,bf,bf,bf,bf,bf,bf,bf,bf,bf,bf,kz,kz,kz,kz,kz,kz     ,kz,kz,kz,kz,kz,kz,kz,kz,kz,bf,bf,bf,bf,bf,bf,bf,bf,bf,bf,bf,bf,bf,bf,bf,bf,bf,bf,bf,bf,bf,bf,bf,bf,bf,kz,kz,kz,kz,kz,kz,kz,kz,kz,kz,bf,bf,bf,bf,bf,bf,bf,bf,bf,bf,bf,bf,bf,bf,bf,bf,bf,bf,bf,bf,bf,bf,bf,bf,bf,,,,,,,,,,,,,,
bf,bf,bf,bf,bf,bf,bf,bf,bf,bf,bf,bf,bf,bf,bf,bf,bf,bf,bf,bf,bf,bf,bf,bf,bf,bf,bf,bf,bf,bf   ,bf,bf,bf,bf,bf,  bf ,  ,  ,  ,  ,  ,  ,  ,  ,  ,bf,bf,bf,bf,bf,bf,bf,bf,bf,  bf,bf,bf,bf,bf,bf,bf,bf,bf,bf,bf,bf,bf,bf,bf,bf,bf,bf,bf,bf,bf,  ,  ,  ,  ,  ,       ,  ,  ,  ,  ,  ,  ,  ,,  ,bf,bf,bf,bf,bf,bf,bf,bf,bf,bf,bf,bf,bf,bf,bf,bf,bf,bf,bf,bf,bf,bf,bf,bf,bf,,,,,,,,,,,bf,bf,bf,bf,bf,bf,bf,bf,bf,bf,bf,bf,bf,bf,bf,bf,bf,bf,bf,bf,bf,bf,bf,bf,bf,,,,,,,,,,,,,,
bf,bf,bf,bf,bf,bf,bf,bf,bf,bf,bf,bf,bf,bf,bf,bf,bf,bf,bf,bf,bf,bf,bf,bf,bf,bf,bf,bf,bf,bf   ,bf,bf,bf,bf,bf,  bf ,  ,  ,  ,  ,  ,  ,  ,  ,  ,bf,bf,bf,bf,bf,bf,bf,bf,bf,  bf,bf,bf,bf,bf,bf,bf,bf,bf,bf,bf,bf,bf,bf,bf,bf,bf,bf,bf,bf,bf,  ,  ,  ,  ,  ,       ,  ,  ,  ,  ,  ,  ,  ,,  ,bf,bf,bf,bf,bf,bf,bf,bf,bf,bf,bf,bf,bf,bf,bf,bf,bf,bf,bf,bf,bf,bf,bf,bf,bf,,,,,,,,,,,bf,bf,bf,bf,bf,bf,bf,bf,bf,bf,bf,bf,bf,bf,bf,bf,bf,bf,bf,bf,bf,bf,bf,bf,bf,,,,,,,,,,,,,,
bf,bf,bf,bf,bf,bf,bf,bf,bf,bf,bf,bf,bf,bf,bf,bf,bf,bf,bf,bf,bf,bf,bf,bf,bf,bf,bf,bf,bf,bf   ,bf,bf,bf,bf,bf,  bf ,  ,  ,  ,  ,  ,  ,  ,  ,  ,bf,bf,bf,bf,bf,bf,bf,bf,bf,  bf,bf,bf,bf,bf,bf,bf,bf,bf,bf,bf,bf,bf,bf,bf,bf,bf,bf,bf,bf,bf,  ,  ,  ,  ,  ,       ,  ,  ,  ,  ,  ,  ,  ,,  ,bf,bf,bf,bf,bf,bf,bf,bf,bf,bf,bf,bf,bf,bf,bf,bf,bf,bf,bf,bf,bf,bf,bf,bf,bf,,,,,,,,,,,bf,bf,bf,bf,bf,bf,bf,bf,bf,bf,bf,bf,bf,bf,bf,bf,bf,bf,bf,bf,bf,bf,bf,bf,bf,,,,,,,,,,,,,,
bf,bf,bf,bf,bf,bf,bf,bf,bf,bf,bf,bf,bf,bf,bf,bf,bf,bf,bf,bf,bf,bf,bf,bf,bf,bf,bf,bf,bf,bf   ,bf,bf,bf,bf,bf,  bf ,  ,  ,  ,  ,  ,  ,  ,  ,  ,bf,bf,bf,bf,bf,bf,bf,bf,bf,  bf,bf,bf,bf,bf,bf,bf,bf,bf,bf,bf,bf,bf,bf,bf,bf,bf,bf,bf,bf,bf,  ,  ,  ,  ,  ,       ,  ,  ,  ,  ,  ,  ,  ,,  ,bf,bf,bf,bf,bf,bf,bf,bf,bf,bf,bf,bf,bf,bf,bf,bf,bf,bf,bf,bf,bf,bf,bf,bf,bf,,,,,,,,,,,bf,bf,bf,bf,bf,bf,bf,bf,bf,bf,bf,bf,bf,bf,bf,bf,bf,bf,bf,bf,bf,bf,bf,bf,bf,,,,,,,,,,,,,,
bf,bf,bf,bf,bf,bf,bf,bf,bf,bf,bf,bf,bf,bf,bf,bf,bf,bf,bf,bf,bf,bf,bf,bf,bf,bf,bf,bf,bf,bf   ,bf,bf,bf,bf,bf,  bf ,  ,  ,  ,  ,  ,  ,  ,  ,  ,bf,bf,bf,bf,bf,bf,bf,bf,bf,  bf,bf,bf,bf,bf,bf,bf,bf,bf,bf,bf,bf,bf,bf,bf,bf,bf,bf,bf,bf,bf,  ,  ,  ,  ,  ,       ,  ,  ,  ,  ,  ,  ,  ,,  ,bf,bf,bf,bf,bf,bf,bf,bf,bf,bf,bf,bf,bf,bf,bf,bf,bf,bf,bf,bf,bf,bf,bf,bf,bf,,,,,,,,,,,bf,bf,bf,bf,bf,bf,bf,bf,bf,bf,bf,bf,bf,bf,bf,bf,bf,bf,bf,bf,bf,bf,bf,bf,bf,,,,,,,,,,,,,,
