,,,bf,bf,bf,bf,bf,bf,bf,bf,bf,bf,bf,bf,bf,bf,bf,bf,bf,bf,bf,bf,bf,bf,bf,bf,bf,bf,bf,bf,bf,bf,bf,bf,bf,bf,bf,bf,bf,bf,bf,bf,bf,bf,bf,bf,bf,bf,bf,bf,bf,bf,bf,bf,bf,bf,bf,bf,bf,bf,bf,bf,
,,,bf,bf,bf,bf,bf,bf,bf,bf,bf,bf,bf,bf,bf,bf,bf,bf,bf,bf,bf,bf,bf,bf,bf,bf,bf,bf,bf,bf,bf,bf,bf,bf,bf,bf,bf,bf,bf,bf,bf,bf,bf,bf,bf,bf,bf,bf,bf,bf,bf,bf,bf,bf,bf,bf,bf,bf,bf,bf,bf,bf,
,,,bf,bf,bf,bf,bf,bf,bf,bf,bf,bf,bf,bf,bf,bf,bf,bf,bf,bf,bf,bf,bf,bf,bf,bf,bf,bf,bf,bf,bf,bf,bf,bf,bf,bf,bf,bf,bf,bf,bf,bf,bf,bf,bf,bf,bf,bf,bf,bf,bf,bf,bf,bf,bf,bf,bf,bf,bf,bf,bf,bf,
,,,bf,bf,bf,bf,bf,bf,bf,bf,bf,bf,bf,bf,bf,bf,bf,bf,bf,bf,,,,,,,,,,,,,,,,,,,,,,,,,,,,,,bf,bf,bf,bf,bf,bf,bf,bf,bf,bf,bf,bf,bf,
,,,bf,bf,bf,bf,bf,bf,bf,bf,bf,bf,bf,bf,bf,bf,bf,bf,bf,,,,,,,,,,,,,,,,,,,,,,,,,,,,,,,bf,bf,bf,bf,bf,bf,bf,bf,bf,bf,bf,bf,bf,
,,,bf,bf,bf,bf,bf,bf,bf,bf,bf,bf,bf,bf,bf,bf,bf,bf,,,,,,,,,,,,,,,,,,,,,,,,,,,,,,,,bf,bf,bf,bf,bf,bf,bf,bf,bf,bf,bf,bf,bf,
,,,bf,bf,bf,bf,bf,bf,bf,bf,bf,bf,bf,bf,bf,bf,bf,bf,,,,,,,,,,,,,,,,,,,,,,,,,,,,,,,,bf,bf,bf,bf,bf,bf,bf,bf,bf,bf,bf,bf,bf,
,,,bf,bf,bf,bf,bf,bf,bf,bf,bf,bf,bf,bf,bf,bf,bf,,,,,,,,,,,,,,,,,,,,,,,,,,,,,,,,,bf,bf,bf,bf,bf,bf,bf,bf,bf,bf,bf,bf,bf,
,,,bf,bf,bf,bf,bf,bf,bf,bf,bf,bf,bf,bf,bf,bf,bf,,,,,,,,,,,,,,,,,,,,,,,,,,,,,,,,,bf,bf,bf,bf,bf,bf,bf,bf,bf,bf,bf,bf,,
bf,bf,bf,bf,bf,bf,bf,bf,bf,bf,bf,bf,bf,bf,bf,bf,bf,bf,,,,,,,,,,,,,,,,,,,,,,,,,,,,,,,,,bf,bf,bf,bf,bf,bf,bf,bf,bf,bf,bf,bf,bf,bf
bf,bf,bf,bf,bf,bf,bf,bf,bf,bf,bf,bf,bf,bf,bf,bf,bf,bf,,,,,,,,,,,,,,,,,,,,,,,,,,,,,,,,,bf,bf,bf,bf,bf,bf,bf,bf,bf,bf,bf,bf,bf,bf
bf,bf,bf,bf,bf,bf,bf,bf,bf,bf,bf,bf,bf,bf,bf,bf,bf,bf,,,,,,,,,,,,,,,,,,,,,,,,,,,,,,,,,bf,bf,bf,bf,bf,bf,bf,bf,bf,bf,bf,bf,bf,bf
bf,bf,bf,bf,bf,bf,bf,bf,bf,bf,bf,bf,bf,bf,bf,bf,bf,bf,,,,,,,,,,,,,,,,,,,,,,,,,,,,,,,,,bf,bf,bf,bf,bf,bf,bf,bf,bf,bf,bf,bf,bf,bf
bf,bf,bf,bf,bf,bf,bf,bf,bf,bf,bf,bf,bf,bf,bf,bf,bf,,,,,,,,,,,,,,,,,,,,,,,,,,,,,,,,,,bs,bs,bs,bf,bf,bf,bf,bf,bf,bf,bf,bf,bf,bf
bf,bf,bf,bf,bf,bf,bf,bf,bf,bf,bf,bf,bf,bf,bf,bf,bf,,,,,,,,,,,,,,,,,,,,,,,,bs,,,,,,,,,,ic,ic,ic,bs,bf,bf,bf,bf,bf,bf,bf,bf,bf,bf
bf,bf,bf,bf,bf,bf,bf,bf,bf,bf,bf,bf,bf,bf,bf,bf,bf,,,,,,,,,,,,,,,,,,,,,,,bs,bs,,,,,,,,,,,,,bs,bf,bf,bf,bf,bf,bf,bf,bf,bf,bf
bf,bf,bf,bf,bf,bf,bf,bf,bf,bf,bf,bf,bf,bf,bf,bf,bf,,,,,,,,,,,,,bs,,,,,ek,,ek,,bs,bs,bs,,,,,,fb,,,,ic,ic,ic,bs,bf,bf,bf,bf,bf,bf,bf,bf,bf,bf
bf,bf,bf,bf,bf,bf,bf,bf,bf,bf,bf,bf,bf,bf,bf,bf,bf,,,,,,,,,,,,,bb,bb,bb,bb,bb,bb,bb,bb,bb,bb,bb,bb,bb,bb,bb,bb,bb,bb,bb,bb,bb,bs,bs,bs,bf,bf,bf,bf,bf,bf,bf,bf,bf,bf,bf
bf,bf,bf,bf,bf,bf,bf,bf,bf,bf,bf,bf,bf,bf,bf,bf,,,,,,,,,,,,,,,,,,,,,,,,,,,,,,,,,,,bf,bf,bf,bf,bf,bf,bf,bf,bf,bf,bf,bf,bf,bf
bf,bf,bf,bf,bf,bf,bf,bf,bf,bf,bf,bf,bf,bf,bf,bf,,,,,,,,,,,,,,,,,,,,,,,,,,,,,,,,,,,bf,bf,bf,bf,bf,bf,bf,bf,bf,bf,bf,bf,bf,bf
bf,bf,bf,bf,bf,bf,bf,bf,bf,bf,bf,bf,bf,bf,bf,bf,,,,,,,,,,,,,,,,,,,,,,,,,,,,,,,,,,,bf,bf,bf,bf,bf,bf,bf,bf,bf,bf,bf,bf,bf,bf
bf,bf,bf,bf,bf,bf,bf,bf,bf,bf,bf,bf,bf,bf,bf,bf,,,,,,bs,eg,,,,,,,,,,,,,,,,,,,,,,,,,,,,bf,bf,bf,bf,bf,bf,bf,bf,bf,bf,bf,bf,bf,bf
bf,bf,bf,bf,bf,bf,bf,bf,bf,bf,bf,bf,bf,bf,bf,bf,,,,,,bs,,,,,,,,,,,,,,,,,,bh(u),,,,,,,,,,,bf,bf,bf,bf,bf,bf,bf,bf,bf,bf,bf,bf,bf,bf
bf,bf,bf,bf,bf,bf,bf,bf,bf,bf,bf,bf,bf,bf,bf,bf,,,,,,bs,,,,,,,,,,,,,,,,,,,,,,,,,,,,,bf,bf,bf,bf,bf,bf,bf,bf,bf,bf,bf,bf,bf,bf
bf,bf,bf,bf,bf,bf,bf,bf,bf,bf,bf,bf,bf,bf,bf,bf,,,,,,bb,bb,bb,bb,bb,bb,,,,,,,,,,,,,,,,,,,,,,,,bf,bf,bf,bf,bf,bf,bf,bf,bf,bf,bf,bf,bf,bf
bf,bf,bf,bf,bf,bf,bf,bf,bf,bf,bf,bf,bf,bf,bf,bf,,,,,,,,,,,,,,,,,,,,,,,,,,,,,,,,,,,bf,bf,bf,bf,bf,bf,bf,bf,bf,bf,bf,bf,bf,bf
bf,bf,bf,bf,bf,bf,bf,bf,bf,bf,bf,bf,bf,bf,bf,bf,,,,,,,,,,,,,,,,,,,,,,,,,,,,,,,,,,,bf,bf,bf,bf,bf,bf,bf,bf,bf,bf,bf,bf,bf,bf
bf,bf,bf,bf,bf,bf,bf,bf,bf,bf,bf,bf,bf,bf,bf,bf,,,,,,,,,,,,,,bs,bs,bs,bs,,,,,bs,bs,bs,,,,,,,,,,,bf,bf,bf,bf,bf,bf,bf,bf,bf,bf,bf,bf,bf,bf
bf,bf,bf,bf,bf,bf,bf,bf,bf,bf,bf,bf,bf,bf,bf,bf,,,,,,,,,,,,,,,,,,,,,,,,,,,,,,,,,,,bf,bf,bf,bf,bf,bf,bf,bf,bf,bf,bf,bf,bf,bf
bf,bf,bf,bf,bf,bf,bf,bf,bf,bf,bf,bf,bf,bf,bf,bf,,,,,,,,,,,,,,,,,,,,,,,,,,,,,,,,,,,bpo1,bf,bf,bf,bf,bf,bf,bf,bf,bf,bf,bf,bf,bf
bf,bf,bf,bf,bf,bf,bf,bf,bf,bf,bf,bf,bf,bf,bf,bf,,,,,,,,,,,,,,,,,,,,,,,,,,,,,,,,,,,,bs,bf,bf,bf,bf,bf,bf,bf,bf,bf,bf,bf,bf
bf,bf,bf,bf,bf,bf,bf,bf,bf,bf,bf,bf,bf,bf,bf,bf,,,,,,,,,,,,,,,,,,,,,,,,bb,bb,bb,bq(m),bb,bb,bb,bb,,,,,bs,bf,bf,bf,bf,bf,bf,bf,bf,bf,bf,bf,bf
bf,bf,bf,bf,bf,bf,bf,bf,bf,bf,bf,bf,bf,bf,bf,bf,,,,,,,,,,,,,,,,,,,,,,,,,,,,,,,,,,,,bs,bf,bf,bf,bf,bf,bf,bf,bf,bf,bf,bf,bf
bf,bf,bf,bf,bf,bf,bf,bf,bf,bf,bf,bf,bf,bf,bf,bpb1,,,,,,,,,,,,,,,,,,,,,,,,,,,,,,,,,,bs,bs,bf,bf,bf,bf,bf,bf,bf,bf,bf,bf,bf,bf,bf
bf,bf,bf,bf,bf,bf,bf,bf,bf,bf,bf,bf,bf,bf,bs,,,,,,,,,,,,,,,,,,,,,,,,,,,,,,,,,,,,,bs,bf,bf,bf,bf,bf,bf,bf,bf,bf,bf,bf,bf
bf,bf,bf,bf,bf,bf,bf,bf,bf,bf,bf,bf,bf,bf,bs,,,,,,,,,,,,,,,,,,,,,,,,,,,,,,,,,,,,,bs,bf,bf,bf,bf,bf,bf,bf,bf,bf,bf,bf,bf
bf,bf,bf,bf,bf,bf,bf,bf,bf,bf,bf,bf,bf,bf,bs,,,,,,,,,,,,,,,,,,,,,bs,,ic,,ic,,ic,,ic,,ic,,,,eg,,bs,bf,bf,bf,bf,bf,bf,bf,bf,bf,bf,bf,bf
bf,bf,bf,bf,bf,bf,bf,bf,bf,bf,bf,bf,bf,bf,bf,bs,bs,,,,,,,,,,,,,,,,,,,bb,bb,bb,bb,bb,bb,bb,bb,bb,bb,bb,bb,bb,bb,bb,bs,bf,bf,bf,bf,bf,bf,bf,bf,bf,bf,bf,bf,bf
bf,bf,bf,bf,bf,bf,bf,bf,bf,bf,bf,bf,bf,bf,bs,,,,,,,,,,,,,,,,,,,,,,,,,,,,,,,,,,,,bf,bf,bf,bf,bf,bf,bf,bf,bf,bf,bf,bf,bf,bf
bf,bf,bf,bf,bf,bf,bf,bf,bf,bf,bf,bf,bf,bf,bs,,,,,,,,,bs,bs,bs,bs,,,,,,,,,,,,,,,,,,,,,,,,bf,bf,bf,bf,bf,bf,bf,bf,bf,bf,bf,bf,bf,bf
bf,bf,bf,bf,bf,bf,bf,bf,bf,bf,bf,bf,bf,bf,bs,,,,,,,,,pol1,bb,bb,bs,,,,,,,,,,,,,,,,,,,,,,bf,bf,bf,bf,bf,bf,bf,bf,bf,bf,bf,bf,bf,bf,bf,bf
bf,bf,bf,bf,bf,bf,bf,bf,bf,bf,bf,bf,bf,bf,bf,bs,bs,,,,,,,,bb,bb,bs,,,,,,,,,,,,,,,,,,,,,bf,bf,bf,bf,bf,bf,bf,bf,bf,bf,bf,bf,bf,bf,bf,bf,bf
bf,bf,bf,bf,bf,bf,bf,bf,bf,bf,bf,bf,bf,bf,bf,bf,,,,,,,,  ,bb,bb,bs,,,,,,,,,,,,,,,,,,,bf,bf,bf,bf,bf,bf,bf,bf,bf,bf,bf,bf,bf,bf,bf,bf,bf,bf,bf
bf,bf,bf,bf,bf,bf,bf,bf,bf,bf,bf,bf,bf,bf,bf,bf,,,,,,,,bs,bs,bs,bs,,,,,,,,,,,,,,,,,,bf,bf,bf,bf,bf,bf,bf,bf,bf,bf,bf,bf,bf,bf,bf,bf,bf,bf,bf,bf
bf,bf,bf,bf,bf,bf,bf,bf,bf,bf,bf,bf,bf,bf,bf,bf,,,,,,,,bs,bs,bs,bs,,,,,,,,,,,,,,,,,bf,bf,bf,bf,bf,bf,bf,bf,bf,bf,bf,bf,bf,bf,bf,bf,bf,bf,bf,bf,bf
bf,bf,bf,bf,bf,bf,bf,bf,bf,bf,bf,bf,bf,bf,bf,bf,bf,bf,bf,bf,bf,bf,bf,bf,bf,bf,bs,,,,,,,,,,,,,,,,,bf,bf,bf,bf,bf,bf,bf,bf,bf,bf,bf,bf,bf,bf,bf,bf,bf,bf,bf,bf,bf
bf,bf,bf,bf,bf,bf,bf,bf,bf,bf,bf,bf,bf,bf,bf,bf,bf,bf,bf,bf,bf,bf,bf,bf,bf,bf,bs,,,,,,,,,,,,,,,,,bf,bf,bf,bf,bf,bf,bf,bf,bf,bf,bf,bf,bf,bf,bf,bf,bf,bf,bf,bf,bf
bf,bf,bf,bf,bf,bf,bf,bf,bf,bf,bf,bf,bf,bf,bf,bf,bf,bf,bf,bf,bf,bf,bf,bf,bf,bf,bs,,,,,,,,,,,,,,,,,bf,bf,bf,bf,bf,bf,bf,bf,bf,bf,bf,bf,bf,bf,bf,bf,bf,bf,bf,bf,bf
bf,bf,bf,bf,bf,bf,bf,bf,bf,bf,bf,bf,bf,bf,bf,bf,bf,bf,bf,bf,bf,bf,bf,bf,bf,bf,bs,,,,,,,,,,,,,,,,,bf,bf,bf,bf,bf,bf,bf,bf,bf,bf,bf,bf,bf,bf,bf,bf,bf,bf,bf,bf,bf
bf,bf,bf,bf,bf,bf,bf,bf,bf,bf,bf,bf,bf,bf,bf,bf,bf,bf,bf,bf,bf,bf,bf,bf,bf,bf,bs,,,,,,,,,,,,,,,,,bf,bf,bf,bf,bf,bf,bf,bf,bf,bf,bf,bf,bf,bf,bf,bf,bf,bf,bf,bf,bf
bf,bf,bf,bf,bf,bf,bf,bf,bf,bf,bf,bf,bf,bf,bf,bf,bf,bf,bf,bf,bf,bf,bf,bf,bf,bf,bs,  ,  ,  ,  ,  ,  ,  ,  ,  ,  ,  ,  ,  ,  ,  ,  ,bf,bf,bf,bf,bf,bf,bf,bf,bf,bf,bf,bf,bf,bf,bf,bf,bf,bf,bf,bf,bf
bf,bf,bf,bf,bf,bf,bf,bf,bf,bf,bf,bf,bf,bf,bf,bf,bf,bf,bf,bf,bf,bf,bf,bf,bf,bf,bs,  ,  ,  ,  ,  ,  ,  ,  ,  ,  ,  ,  ,  ,  ,  ,  ,bf,bf,bf,bf,bf,bf,bf,bf,bf,bf,bf,bf,bf,bf,bf,bf,bf,bf,bf,bf,bf
bf,bf,bf,bf,bf,bf,bf,bf,bf,bf,bf,bf,bf,bf,bf,bf,bf,bf,bf,bf,bf,bf,bf,bf,bf,bf,bs,  ,  ,  ,  ,  ,  ,  ,  ,  ,  ,  ,  ,  ,  ,  ,  ,bf,bf,bf,bf,bf,bf,bf,bf,bf,bf,bf,bf,bf,bf,bf,bf,bf,bf,bf,bf,bf
bs,bs,bs,bs,bs,bs,bs,bs,bs,bs,bs,bs,bs,bs,bs,bs,bs,bs,bs,bs,bs,bs,bs,bs,bs,bs,bs,  ,  ,  ,  ,  ,  ,  ,  ,  ,  ,  ,  ,  ,  ,  ,  ,bf,bf,bf,bf,bf,bf,bf,bf,bf,bf,bf,bf,bf,bf,bf,bf,bf,bf,bf,bs,bs
bs,bs,bs,bs,bs,bs,bs,bs,bs,bs,bs,bs,bs,bs,bs,bs,bs,bs,bs,bs,bs,bs,bs,bs,bs,bs,  ,  ,  ,  ,  ,  ,  ,  ,  ,  ,  ,  ,  ,  ,  ,  ,  ,bf,bf,bf,bf,bf,bf,bf,bf,bf,bf,bf,bf,bf,bf,bf,bf,bf,bf,bf,bs,bs
bs,bs,bs,bs,bs,bs,bs,bs,bs,bb,bb,bs,bs,bs,bs,bs,bs,bs,bs,bs,bs,bs,bs,bs,bs,  ,  ,  ,  ,  ,  ,  ,  ,  ,  ,  ,  ,  ,  ,  ,  ,  ,  ,bf,bf,bf,bf,bf,bf,bf,bf,bf,bf,bf,bf,bf,bf,bf,bf,bf,bf,bf,bs,bs
bs,bs,bs,bs,bs,bs,bs,bs,bb,bs,bs,bb,bs,bs,bs,bs,  ,  ,  ,  ,  ,  ,  ,  ,  ,  ,  ,  ,  ,  ,  ,  ,  ,  ,  ,  ,  ,bs,bs,bs,bs,  ,  ,bf,bf,bf,bf,bf,bf,bf,bf,bf,bf,bf,bf,bf,bf,bf,bf,bf,bf,bf,bs,bs
bs,bs,bs,bs,bs,bs,bs,bs,bs,bs,bb,bb,bs,bs,bs,bs,  ,  ,  ,  ,  ,  ,  ,  ,  ,  ,  ,  ,  ,  ,  ,  ,  ,  ,  ,  ,  ,pbl1,bb,bb,bs,,  ,bf,bf,bf,bf,bf,bf,bf,bf,bf,bf,bf,bf,bf,bf,bf,bf,bf,bf,bf,bs,bs
bs,bs,bb,bs,bs,bs,bs,bs,bb,bs,bs,bb,bs,bs,bs,bs,  , l,  , m,  ,  ,  ,  ,  ,  ,  ,  ,  ,  ,bq(c),, ,bq(c),, ,  ,  ,bb,bb,bs,  ,  ,bf,bf,bf,bf,bf,bf,bf,bf,bf,bf,bf,bf,bf,bf,bf,bf,bf,bf,bf,bs,bb
bs,bs,bb,bs,bs,bs,bs,bs,bs,bb,bb,bs,bs,bs,bs,bs,bs,bs,bs,bs,bs,bs,bs,bs,bs,  ,  ,  ,  ,  ,  ,  ,  ,  ,  ,  ,  ,  ,bb,bb,bs,  ,  ,bf,bf,bf,bf,bf,bf,bf,bf,bf,bf,bf,bf,bf,bf,bf,bf,bf,bf,bf,bs,bb
bs,bs,bs,bs,bs,bs,bs,bs,bs,bs,bs,bs,bs,bs,bs,bs,bs,bs,bs,bs,bs,bs,bs,bs,bs,bs,  ,  ,  ,  ,  ,  ,  ,  ,  ,  ,  ,bs,bs,bs,bs,  ,  ,bf,bf,bf,bf,bf,bf,bf,bf,bf,bf,bf,bf,bf,bf,bf,bf,bf,bf,bf,bs,bs
bs,bs,bs,bs,bs,bs,bs,bs,bs,bs,bs,bs,bs,bs,bs,bs,bs,bs,bs,bs,bs,bs,bs,bs,bs,bs,bs,  ,  ,  ,  ,  ,  ,  ,  ,  ,  ,bs,bs,bs,bs,bs,bs,bf,bf,bf,bf,bf,bf,bf,bf,bf,bf,bf,bf,bf,bf,bf,bf,bf,bf,bf,bs,bs
bf,bf,bf,bf,bf,bf,bf,bf,bf,bf,bf,bf,bf,bf,bf,bf,bf,bf,bf,bf,bf,bf,bf,bf,bf,bf,bf,bf,bf,bf,bf,bf,bf,bf,bf,bf,bf,bf,bf,bf,bf,bf,bf,bf,bf,bf,bf,bf,bf,bf,bf,bf,bf,bf,bf,bf,bf,bf,bf,bf,bf,bf,bf,bf
bf,bf,bf,bf,bf,bf,bf,bf,bf,bf,bf,bf,bf,bf,bf,bf,bf,bf,bf,bf,bf,bf,bf,bf,bf,bf,bf,bf,bf,bf,bf,bf,bf,bf,bf,bf,bf,bf,bf,bf,bf,bf,bf,bf,bf,bf,bf,bf,bf,bf,bf,bf,bf,bf,bf,bf,bf,bf,bf,bf,bf,bf,bf,bf
bf,bf,bf,bf,bf,bf,bf,bf,bf,bf,bf,bf,bf,bf,bf,bf,bf,bf,bf,bf,bf,bf,bf,bf,bf,bf,bf,bf,bf,bf,bf,bf,bf,bf,bf,bf,bf,bf,bf,bf,bf,bf,bf,bf,bf,bf,bf,bf,bf,bf,bf,bf,bf,bf,bf,bf,bf,bf,bf,bf,bf,bf,bf,bf
bf,bf,bf,bf,bf,bf,bf,bf,bf,bf,bf,bf,bf,bf,bf,bf,bf,bf,bf,bf,bf,bf,bf,bf,bf,bf,bf,bf,bf,bf,bf,bf,bf,bf,bf,bf,bf,bf,bf,bf,bf,bf,bf,bf,bf,bf,bf,bf,bf,bf,bf,bf,bf,bf,bf,bf,bf,bf,bf,bf,bf,bf,bf,bf
bf,bf,bf,bf,bf,bf,bf,bf,bf,bf,bf,bf,bf,bf,bf,bf,bf,bf,bf,bf,bf,bf,bf,bf,bf,bf,bf,bf,bf,bf,bf,bf,bf,bf,bf,bf,bf,bf,bf,bf,bf,bf,bf,bf,bf,bf,bf,bf,bf,bf,bf,bf,bf,bf,bf,bf,bf,bf,bf,bf,bf,bf,bf,bf
bf,bf,bf,bf,bf,bf,bf,bf,bf,bf,bf,bf,bf,bf,bf,bf,bf,bf,bf,bf,bf,bf,bf,bf,bf,bf,bf,bf,bf,bf,bf,bf,bf,bf,bf,bf,bf,bf,bf,bf,bf,bf,bf,bf,bf,bf,bf,bf,bf,bf,bf,bf,bf,bf,bf,bf,bf,bf,bf,bf,bf,bf,bf,bf
